{
  "project_info": {
    "project_number": "352974618077",
    "firebase_url": "https://sales-4e266.firebaseio.com",
    "project_id": "sales-4e266",
    "storage_bucket": "sales-4e266.appspot.com"
  },
  "client": [
    {
      "client_info": {
        "mobilesdk_app_id": "1:352974618077:android:cf24d0a80a6e1984f00a34",
        "android_client_info": {
          "package_name": "com.sales"
        }
      },
      "oauth_client": [
        {
          "client_id": "352974618077-dl8d17jgisq1ef73f6o09fn0hv80k20q.apps.googleusercontent.com",
          "client_type": 3
        }
      ],
      "api_key": [
        {
          "current_key": "AIzaSyBCuFL0KWcxq_ZD8jOEOmtL0K32y6FNjHo"
        }
      ],
      "services": {
        "appinvite_service": {
          "other_platform_oauth_client": [
            {
              "client_id": "352974618077-dl8d17jgisq1ef73f6o09fn0hv80k20q.apps.googleusercontent.com",
              "client_type": 3
            }
          ]
        }
      }
    }
  ],
  "configuration_version": "1"
}